Job Title,Company,Location,Minimum Salary (Dollars),Maximum Salary (Dollars),Date Posted
Member Support Unicorn,Interaction Design Foundation,Worldwide,10000.0,97500.0,2025-05-15 11:41:41
Staff Frontend Engineer,Notabene,Worldwide,70000.0,110000.0,2025-05-15 10:00:03
Staff Machine Learning Engineer,Warner Music Inc.,Worldwide,60000.0,97500.0,2025-05-15 00:00:20
Recruiter,Qualdoc,Worldwide,60000.0,97500.0,2025-05-15 00:00:09
Social Media Expert,Contra,Worldwide,120000.0,150000.0,2025-05-14 22:23:33
App Designer,Contra,Worldwide,120000.0,150000.0,2025-05-14 22:22:19
Full Stack Software Engineer,Daisychain,Worldwide,70000.0,160000.0,2025-05-14 15:01:34
Testing Engineer,Trial Library,"San Francisco, CA",70000.0,120000.0,2025-05-14 00:00:07
Accountant,Find,Sliema,25000.0,65000.0,2025-05-13 16:00:31
Commercial Content Editor,Find,Worldwide,32500.0,70000.0,2025-05-13 16:00:25
Salesforce Engineer,Oowlish Technology,Worldwide,60000.0,125000.0,2025-05-13 08:00:16
Account Coordinator,Bluelight Consulting,"Indianapolis, Indiana",80000.0,150000.0,2025-05-13 08:00:10
Head of Growth,AVA Foundation,Anywhere,40000.0,80000.0,2025-05-13 06:00:04
Werkstudent im Bereich SAP &amp; Cloud Automation,Public Cloud Group,Alle,55000.0,80000.0,2025-05-12 16:00:04
Senior Golang Engineer,WunderGraph,Worldwide,70000.0,120000.0,2025-05-12 10:15:02
Software Engineering Team Lead,bloXroute Labs,Remote,75000.0,102500.0,2025-05-12 09:00:02
Salesforce Lead,Bounteous,India,60000.0,130000.0,2025-05-11 16:00:19
Mid Market Sales Account Executive,FiscalNote,United States - Remote,52500.0,100000.0,2025-05-11 16:00:12
Support Specialist,Vesta,Remote,55000.0,77500.0,2025-05-11 14:00:03
Senior Data Analytics Engineer,Fullscript,Worldwide,67500.0,120000.0,2025-05-10 21:00:03
Digital Editorial Manager,Cozymeal,Worldwide,20000.0,70000.0,2025-05-10 13:00:08
Senior Fullstack Software Engineer,Blotato,Worldwide,80000.0,120000.0,2025-05-10 01:38:55
Investment Manager,Wintermute,USA / Remote,50000.0,80000.0,2025-05-09 21:00:06
Content Writer,Blink UX,All Locations,47500.0,75000.0,2025-05-09 11:00:11
Sales Development Representative,Torch,Remote,45000.0,67500.0,2025-05-09 11:00:02
Sr Software Engineer Cross Platform Applications,Smallstep,Worldwide,55000.0,100000.0,2025-05-08 17:15:03
Sr Software Engineer Backend Web Applications,Smallstep,Worldwide,70000.0,85000.0,2025-05-08 17:15:03
Web3 Marketing Manager,"Manta Network, Powered by p0x labs",Anywhere,35000.0,65000.0,2025-05-08 17:00:02
Web3 Marketing Manager,"Manta Network, Powered by p0x labs",Anywhere,35000.0,65000.0,2025-05-08 11:00:01
Smart Contract Engineer,Risk Labs,Remote,55000.0,100000.0,2025-05-08 09:00:03
Australia Deputy MLRO,MoonPay,Australia - Remote,60000.0,80000.0,2025-05-07 16:00:08
Account Executive,Creator Deck,Remote,60000.0,97500.0,2025-05-07 15:00:09
Design Centric Senior Front End Engineer,Dapper Labs,"US / Canada, Remote",80000.0,155000.0,2025-05-07 14:00:04
Senior Software Engineer Hosted Team,Cast AI,Worldwide,70000.0,120000.0,2025-05-07 09:15:04
Sr Software Engineer,Smallstep,Worldwide,55000.0,100000.0,2025-05-07 08:15:02
Senior Front End Engineer,Maxflow BV / CrazyGames,Worldwide,70000.0,120000.0,2025-05-07 08:01:50
Technical Documentation Engineer,Tether Operations Limited,Worldwide,65000.0,110000.0,2025-05-07 08:01:42
Dutch Content Creator,TransPerfect,Worldwide,60000.0,97500.0,2025-05-07 08:01:32
Product Marketing Manager Europe,Hostaway,Worldwide,45000.0,67500.0,2025-05-07 08:01:24
Account Executive,Actindo AG,Worldwide,55000.0,70000.0,2025-05-07 08:00:55
Software Engineer III,Nextech,Remote,60000.0,85000.0,2025-05-07 08:00:39
Data and Business Intelligence Engineer Mid Level Fully,Utility Profit + Sunroom,Worldwide,70000.0,120000.0,2025-05-07 08:00:15
Senior Software Engineer,Nava,Remote,62500.0,92500.0,2025-05-07 08:00:03
Learning Cohort Moderator,Generation,Worldwide,95000.0,122500.0,2025-05-07 06:00:05
Category Manager Walmart,e.l.f. Beauty,United States - Remote,55000.0,70000.0,2025-05-07 00:00:07
Mobile App Developer,CrazyGames,Worldwide,40000.0,70000.0,2025-05-06 13:21:31
Product Partnerships Manager,Presto,APAC,95000.0,122500.0,2025-05-06 13:00:03
Member of Technical Staff Transparency Front End Engineer,Anchorage Digital,United States,60000.0,90000.0,2025-05-06 10:00:04
Head of Marketing,The People Brand,United States,55000.0,70000.0,2025-05-06 00:00:50
Backend Software Engineer,Firework,Canada,70000.0,120000.0,2025-05-06 00:00:22
Sales Development Representative,Firework,MÃ©xico,52500.0,75000.0,2025-05-06 00:00:08
QA Engineer,Contra,Worldwide,120000.0,150000.0,2025-05-05 22:27:36
Social Media Editor,Contra,Worldwide,120000.0,150000.0,2025-05-05 22:25:27
Influencer Marketing Intern,NextStep,Worldwide,30000.0,60000.0,2025-05-04 11:19:35
Principal Product Designer,15Five,"US, Remote",85000.0,102500.0,2025-05-04 09:00:06
Operations Intern,CoinGecko,Malaysia,35000.0,75000.0,2025-05-04 06:00:04
Software Engineer Android,Ontic,"Noida, India",80000.0,120000.0,2025-05-03 14:00:05
Computational Journalist Data Reporting,500 WP Company LLC,DC-Washington-TWP Headquarters,57500.0,80000.0,2025-05-03 00:00:03
Fullstack Software Engineer,BlackCloak,United States,67500.0,105000.0,2025-05-02 18:00:07
Salesforce Developer,StackAdapt,Canada,55000.0,85000.0,2025-05-02 16:00:10
Senior Technical Product Manager Wallets,Tether Operations Limited,Worldwide,60000.0,100000.0,2025-05-02 15:00:04
Copywriter,MissionWired,United States - Remote Flexibility,32500.0,65000.0,2025-05-02 14:00:06
Lead Backend Engineer Debugger,Tenderly,Europe OR In-Office Belgrade,65000.0,82500.0,2025-05-02 10:00:03
Commerce Editor Temporary,BDG,"New York, NY",35000.0,70000.0,2025-05-01 21:00:01
Senior Software Engineer,Contra,Worldwide,120000.0,150000.0,2025-05-01 18:05:55
Licensed Professional Clinical Counselor California,Headlight,"Remote, California",35000.0,60000.0,2025-05-01 16:00:15
Customer Success Manager,Revinate,Australia,32500.0,57500.0,2025-05-01 00:00:07
Product Manager VIP,Gate.io,APAC,60000.0,97500.0,2025-04-30 10:00:04
Content Creator,Contra,Worldwide,70000.0,80000.0,2025-04-29 16:57:17
Social Media Video Editor,Contra,Worldwide,70000.0,80000.0,2025-04-29 16:55:28
Itinerary Creator Turn Your Travels Into ome,Worldee,Worldwide,10000.0,97500.0,2025-04-29 14:44:28
Freight Broker,Givens Transportation Solutions,Worldwide,10000.0,97500.0,2025-04-29 13:47:19
Research Scientist Statistical Genetics,Deep Genomics,North America,65000.0,97500.0,2025-04-29 11:00:01
QA Automation Engineer,Kodify Media Group,Worldwide,60000.0,70000.0,2025-04-29 10:36:20
Member of Product Atlas Settlement,Anchorage Digital,United States,60000.0,85000.0,2025-04-29 10:00:04
Senior Software Engineer Full Stack,Cyngn,"Menlo Park, CA",65000.0,97500.0,2025-04-28 18:00:03
Sales Operations,Anchorage Digital,United States,55000.0,80000.0,2025-04-28 10:00:03
Product Engineer Frontend,Quash,Worldwide,67500.0,120000.0,2025-04-28 03:00:16
Head of Operations Japan,Xsolla,Tokyo,60000.0,97500.0,2025-04-27 00:00:10
Data Analyst,KPA,Remote,70000.0,115000.0,2025-04-26 16:00:02
React + Node Developer Web Applications,Oowlish Technology,Worldwide,60000.0,82500.0,2025-04-26 00:00:05
Photo Editor,PlayOn,"Alpharetta, GA",35000.0,75000.0,2025-04-25 22:00:02
DevOps Engineer Staking,Crypto.com,Worldwide,60000.0,82500.0,2025-04-25 13:00:01
Business Operations Administrator,Anagram,Anywhere,30000.0,70000.0,2025-04-25 12:00:04
Project Coordinator,Lead Bank,Remote,70000.0,122500.0,2025-04-24 19:00:12
Associate Program Manager,Lead Bank,Remote,70000.0,122500.0,2025-04-24 19:00:02
Venture Capital Social Media Manager,VC Lab,Palo Alto,60000.0,97500.0,2025-04-24 10:00:03
Manager Maintenance,Commonwealth Fusion Systems,"Devens, MA",95000.0,122500.0,2025-04-24 08:01:19
Implementation Specialist,SpryPoint,USA,67500.0,100000.0,2025-04-24 08:00:31
Senior Full Stack Developer,Zammad,Worldwide,40000.0,80000.0,2025-04-24 07:52:28
Senior Software Engineer KSPM,Cast AI,Worldwide,70000.0,120000.0,2025-04-23 18:15:05
Software Engineer III,Jack Henry,Worldwide,55000.0,100000.0,2025-04-23 18:15:04
Software Engineer Infrastructure,Gauntlet,New York City / San Francisco / Los Angeles / Remote,60000.0,80000.0,2025-04-23 14:00:28
Software Engineer Data,Gauntlet,New York City / San Francisco / Los Angeles / Remote,70000.0,120000.0,2025-04-23 10:00:17
